create database if not exists symbiosis;use symbiosis;grant all on symbiosis.* to 'symbiosis_admin'@'localhost' identified by 'symADM1NP@$$';drop table if exists SymbiosisUserGroup;create table if not exists SymbiosisUserGroup(  SymbiosisUserGroupID INT(5) AUTO_INCREMENT PRIMARY KEY,  Description VARCHAR(20));drop table if exists SymbiosisRole;create table if not exists SymbiosisRole(  SymbiosisRoleID INT(5) AUTO_INCREMENT PRIMARY KEY,  Description VARCHAR(20),  Enabled TINYINT(1) NOT NULL DEFAULT 1);drop table if exists SymbiosisSystem;create table if not exists SymbiosisSystem(  SymbiosisSystemID INT(5) AUTO_INCREMENT PRIMARY KEY,  Description VARCHAR(128) NOT NULL);drop table if exists SymbiosisUserGroupSystemRole;create table if not exists SymbiosisUserGroupSystemRole(  SymbiosisUserGroupID INT(5) NOT NULL REFERENCES SymbiosisUserGroup(SymbiosisUserGroupID) ON UPDATE CASCADE,  SymbiosisSystemID INT(5) REFERENCES SymbiosisSystem(SymbiosisSystemID) ON UPDATE CASCADE,  SymbiosisRoleID INT(5) NOT NULL REFERENCES SymbiosisRole(SymbiosisRoleID) ON UPDATE CASCADE,  SymbiosisUserGroupSystemRoleDescription VARCHAR(20) NOT NULL,  PRIMARY KEY (SymbiosisUserGroupID,SymbiosisSystemID,SymbiosisRoleID));drop table if exists SymbiosisChannel;create table if not exists SymbiosisChannel(  SymbiosisChannelID INT(5) AUTO_INCREMENT PRIMARY KEY,  Description VARCHAR(50) NOT NULL);drop table if exists SymbiosisUserStatus;create table if not exists SymbiosisUserStatus(  SymbiosisUserStatusID INT(5) AUTO_INCREMENT PRIMARY KEY,  Description VARCHAR(50) NOT NULL);drop table if exists SymbiosisOption;create table if not exists SymbiosisOption(  SymbiosisOptionID BIGINT(19) AUTO_INCREMENT PRIMARY KEY,  Description VARCHAR(50) NOT NULL);drop table if exists SymbiosisCountry;create table if not exists SymbiosisCountry(  SymbiosisCountryID INT(5) AUTO_INCREMENT PRIMARY KEY,  CountryName VARCHAR(50) NOT NULL,  CountryCodePrefix INT(5) NOT NULL);drop table if exists SymbiosisLanguage;create table if not exists SymbiosisLanguage(  SymbiosisLanguageID INT(5) AUTO_INCREMENT PRIMARY KEY,  SymbiosisLanguageName VARCHAR(50) NOT NULL);drop table if exists SymbiosisUser;create table if not exists SymbiosisUser(	SymbiosisUserID BIGINT(19) AUTO_INCREMENT PRIMARY KEY,  FirstName VARCHAR(50),  LastName VARCHAR(50),  Username VARCHAR(20) NOT NULL,  Email VARCHAR(50),  Msisdn VARCHAR(15),  Password VARCHAR(256) NOT NULL,  Salt VARCHAR(50) NOT NULL,	SymbiosisUserGroupID INT(5) NOT NULL REFERENCES SymbiosisUserGroup(SymbiosisUserGroupID) ON UPDATE CASCADE,  SymbiosisCountryID INT(5) REFERENCES SymbiosisCountry(SymbiosisCountryID) ON UPDATE CASCADE,  SymbiosisLanguageID INT(5) REFERENCES SymbiosisLanguage(SymbiosisLanguageID) ON UPDATE CASCADE,	AuthToken VARCHAR(256));drop table if exists SymbiosisAuthUser;create table if not exists SymbiosisAuthUser(  SymbiosisAuthUserID BIGINT(19) AUTO_INCREMENT PRIMARY KEY,  SymbiosisUserID BIGINT(19) NOT NULL REFERENCES SymbiosisUser(SymbiosisUserID) ON UPDATE CASCADE,  SymbiosisChannelID INT(5) NOT NULL REFERENCES SymbiosisChannel(SymbiosisChannelID) ON UPDATE CASCADE,  SymbiosisUserStatusID INT(5) NOT NULL REFERENCES SymbiosisUserStatus(SymbiosisUserStatusID) ON UPDATE CASCADE,  DeviceID VARCHAR(50) COMMENT 'IMEI',  AccessSystemID VARCHAR(50) COMMENT 'IMSI/BrowserId/SessionID',  RegistrationDate DATETIME,  LastAuthDate DATETIME,  LastLoginDate DATETIME);drop table if exists SymbiosisEventType;create table if not exists SymbiosisEventType(  SymbiosisEventTypeID BIGINT(19) AUTO_INCREMENT PRIMARY KEY,  Description VARCHAR(50) NOT NULL);drop table if exists SymbiosisEventLog;create table if not exists SymbiosisEventLog(  SymbiosisEventLogID BIGINT(19) AUTO_INCREMENT PRIMARY KEY,  SymbiosisEventTypeID BIGINT(19) REFERENCES SymbiosisEventType(SymbiosisEventTypeID) ON UPDATE CASCADE,  EventDate DATETIME NOT NULL,  SymbiosisUserID BIGINT(19) NOT NULL REFERENCES SymbiosisUser(SymbiosisUserID) ON UPDATE CASCADE,  Description VARCHAR(256) NOT NULL);create table if not exists SymbiosisUserOption(  SymbiosisUserID BIGINT(19) NOT NULL REFERENCES SymbiosisUser(SymbiosisUserID) ON UPDATE CASCADE,  SymbiosisOptionID BIGINT(19) NOT NULL REFERENCES SymbiosisOption(SymbiosisOptionID) ON UPDATE CASCADE,  OptionValue VARCHAR(256) NOT NULL,  PRIMARY KEY (SymbiosisUserID,SymbiosisOptionID));insert into SymbiosisChannel values (1, 'ANDROID');insert into SymbiosisUserStatus values (0, 'INACTIVE');insert into SymbiosisUserStatus values (1, 'ACTIVE');insert into SymbiosisUserStatus values (2, 'PENDING');insert into SymbiosisUserStatus values (3, 'SUSPENDED');insert into SymbiosisUserStatus values (4, 'BLOCKED');insert into SymbiosisUserStatus values (10, 'UNKNOWN');insert into SymbiosisUserGroup values (0, 'SYMBIOSIS_ADMIN');insert into SymbiosisUserGroup values (1, 'SYMBIOSIS_EDITOR');insert into SymbiosisUserGroup values (2, 'SYMBIOSIS_USER');insert into SymbiosisUserGroup values (3, 'STREETS_ADMIN');insert into SymbiosisUserGroup values (4, 'STREETS_EDITOR');insert into SymbiosisUserGroup values (5, 'STREETS_USER');insert into SymbiosisSystem values (0, 'SYMBIOSIS');insert into SymbiosisSystem values (1, 'STREETS');insert into SymbiosisSystem values (2, 'SYNC');insert into SymbiosisRole values (0, 'ROLE_ADMIN', 1);insert into SymbiosisRole values (1, 'ROLE_EDITOR', 1);insert into SymbiosisRole values (2, 'ROLE_USER', 1);insert into SymbiosisOption values (111, 'SYNC_FOLDER');insert into SymbiosisOption values (112, 'SYNC_TYPE');insert into SymbiosisUserGroupSystemRole values (0, 0, 0, 'SYMBIOSIS ADMIN');insert into SymbiosisUserGroupSystemRole values (0, 1, 0, 'STREETS ADMIN');insert into SymbiosisUserGroupSystemRole values (0, 2, 0, 'SYNC ADMIN');insert into SymbiosisUserGroupSystemRole values (1, 0, 1, 'SYMBIOSIS EDITOR');insert into SymbiosisUserGroupSystemRole values (1, 1, 1, 'STREETS EDITOR');insert into SymbiosisUserGroupSystemRole values (1, 2, 1, 'SYNC EDITOR');insert into SymbiosisUserGroupSystemRole values (2, 0, 2, 'SYMBIOSIS USER');insert into SymbiosisUserGroupSystemRole values (2, 1, 2, 'STREETS USER');insert into SymbiosisUserGroupSystemRole values (2, 2, 2, 'SYNC USER');insert into SymbiosisUserOption (SymbiosisUserID, SymbiosisOptionID, OptionValue) values (1, 111, 'K:\\music');insert into SymbiosisUserOption (SymbiosisUserID, SymbiosisOptionID, OptionValue) values (1, 112, 'mp3');insert into SymbiosisUser (  SymbiosisUserID,FirstName,LastName,Username,Email,Msisdn,Password,Salt,SymbiosisUserGroupID,SymbiosisCountryID,SymbiosisLanguageID,AuthToken)values (1,'Tsungai','Kaviya','tkaviya','bhpenetrator@gmail.com','0813747410',        '5b722b307fce6c944905d132691d5e4a2214b7fe92b738920eb3fce3a90420a19511c3010a0e7712b054daef5b57bad59ecbd93b3280f210578f547f4aed4d25',        '',0,0,0,NULL);insert into SymbiosisAuthUser (  SymbiosisAuthUserID, SymbiosisUserID,SymbiosisChannelID,SymbiosisUserStatusID,DeviceID,AccessSystemID,RegistrationDate,LastAuthDate,LastLoginDate)values (1,1,1,1,null,null,NULL,NULL,NULL);